[{"Nome":"João","Cpf":"32345678909","PrimeiroNro":10,"SegundoNro":20,"TerceiroNro":30,"QuartoNro":40,"QuintoNro":50,"SextoNro":60,"DataJogo":"2023-10-23T03:34:07.183Z"},{"Nome":"Maria Clara","Cpf":"18765432100","PrimeiroNro":15,"SegundoNro":25,"TerceiroNro":35,"QuartoNro":45,"QuintoNro":55,"SextoNro":65,"DataJogo":"2023-02-23T03:34:07.183Z"},{"Nome":"Lucas Alves","Cpf":"55522233344","PrimeiroNro":8,"SegundoNro":16,"TerceiroNro":24,"QuartoNro":32,"QuintoNro":40,"SextoNro":48,"DataJogo":"2023-03-23T03:34:07.183Z"},{"Nome":"Ana Gabriele Silva","Cpf":"44906018693","PrimeiroNro":1,"SegundoNro":2,"TerceiroNro":3,"QuartoNro":4,"QuintoNro":5,"SextoNro":6,"DataJogo":"2023-01-23T03:37:39.161Z"},{"Nome":"string","Cpf":"119060186432","PrimeiroNro":10,"SegundoNro":20,"TerceiroNro":30,"QuartoNro":40,"QuintoNro":50,"SextoNro":60,"DataJogo":"2023-09-23T00:51:13.8774997-03:00"},{"Nome":"Gabriel Alves Pinto","Cpf":"21906018643","PrimeiroNro":1,"SegundoNro":2,"TerceiroNro":3,"QuartoNro":4,"QuintoNro":5,"SextoNro":6,"DataJogo":"0001-01-01T00:00:00"},{"Nome":"Gabriel Carvalho","Cpf":"11906018693","PrimeiroNro":1,"SegundoNro":2,"TerceiroNro":3,"QuartoNro":4,"QuintoNro":5,"SextoNro":6,"DataJogo":"2023-09-27T21:29:14.4194139-03:00"},{"Nome":"Carvalho","Cpf":"11906018693","PrimeiroNro":1,"SegundoNro":2,"TerceiroNro":3,"QuartoNro":4,"QuintoNro":5,"SextoNro":6,"DataJogo":"2023-09-27T21:33:30.625638-03:00"},{"Nome":"Frederico","Cpf":"11906018693","PrimeiroNro":1,"SegundoNro":2,"TerceiroNro":3,"QuartoNro":4,"QuintoNro":5,"SextoNro":6,"DataJogo":"0001-01-01T00:00:00"},{"Nome":"Pedro","Cpf":"11906018693","PrimeiroNro":1,"SegundoNro":2,"TerceiroNro":3,"QuartoNro":4,"QuintoNro":5,"SextoNro":6,"DataJogo":"0001-01-01T00:00:00"},{"Nome":"Henrique","Cpf":"11906018693","PrimeiroNro":1,"SegundoNro":2,"TerceiroNro":3,"QuartoNro":4,"QuintoNro":5,"SextoNro":6,"DataJogo":"0001-01-01T00:00:00"},{"Nome":"Henrique","Cpf":"11906018693","PrimeiroNro":1,"SegundoNro":2,"TerceiroNro":3,"QuartoNro":4,"QuintoNro":5,"SextoNro":6,"DataJogo":"0001-01-01T00:00:00"},{"Nome":"Maria Santos","Cpf":"98765432100","PrimeiroNro":15,"SegundoNro":25,"TerceiroNro":35,"QuartoNro":45,"QuintoNro":55,"SextoNro":43,"DataJogo":"0001-01-01T00:00:00"},{"Nome":"Maria Santos","Cpf":"98765432100","PrimeiroNro":15,"SegundoNro":25,"TerceiroNro":35,"QuartoNro":45,"QuintoNro":55,"SextoNro":60,"DataJogo":"2023-09-27T21:55:06.5119366-03:00"}]